{"USD / EUR":1.130135,"EUR / UAH":0.021143,"USD / UAH":0.023894}